"Reference","Footprint","Qty","Value","Manufacturer","Manufacturer Part Number","Distributor Link"
"AE1","ANT_AMCA31_ABR","1","AMCA31-101-2R450G-S1F-T3","ABRACON","ABRACON","https://www.mouser.ca/ProductDetail/ABRACON/AMCA31-101-2R450G-S1F-T3?qs=wUXugUrL1qz/4qJr0u7mPw%3D%3D&srsltid=AfmBOoqRVH4RSEU6CThg6n7g5DhX6sJQrjfR2zPaWjt5QQcyDxxj2Fqz"
"C2,C8,C16,C20","Capacitor_SMD:C_0603_1608Metric","4","4u7","KYOCERA AVX","0603YD475MATA2A","https://www.mouser.ca/ProductDetail/KYOCERA-AVX/0603YD475MAT2A?qs=XLNwXgtzMM9JmbhKJE1Phg%3D%3D"
"C4,C5,C6,C7,C9,C10,C11,C12,C15,C18","Capacitor_SMD:C_0402_1005Metric","10","100n","KYOCERA AVX","04023C104KAT2A","https://www.mouser.ca/ProductDetail/KYOCERA-AVX/04023C104KAT2A?qs=nNezP%252BoerbAsgsxxIAjFOw%3D%3D"
"C13,C14","Capacitor_SMD:C_0402_1005Metric","2","10p","Murata Electronics","04025A100JAT4A","https://www.mouser.ca/ProductDetail/KYOCERA-AVX/04025A100JAT4A?qs=ZwvTZoB9SO9xQJ735IqqZg%3D%3D"
"C17","Capacitor_SMD:C_0402_1005Metric","1","0p8","Murata Electronics","GRM1555C1HR80BA01D","https://www.mouser.ca/ProductDetail/Murata-Electronics/GRM1555C1HR80BA01D?qs=e%252BE4OD6MgMezPYPintwvrA%3D%3D"
"C19","Capacitor_SMD:C_0402_1005Metric","1","0p3","Murata Electronics","GRM1555C1HR30WA01D","https://www.mouser.ca/ProductDetail/Murata-Electronics/GRM1555C1HR30WA01D?qs=e%252BE4OD6MgMcS%252BbE0ktTutg%3D%3D"
"C21,C26","Capacitor_SMD:C_0603_1608Metric","2","4.7u7","KYOCERA AVX","0603YD475MATA2A","https://www.mouser.ca/ProductDetail/KYOCERA-AVX/0603YD475MAT2A?qs=XLNwXgtzMM9JmbhKJE1Phg%3D%3D"
"C22,C23,C32","Capacitor_SMD:C_0805_2012Metric","3","1.2uF","KEMET","C0805C125K4RACTU","https://www.mouser.ca/ProductDetail/KEMET/C0805C125K4RACTU?qs=ezuqA1hLDjmdvLfRo2IY1Q%3D%3D&srsltid=AfmBOopOagLauoYwfIRSqtU5Gp4BTtMVgbKTgBoLshoMlEOxZiaRumQY&_gl=1*16ci0zi*_ga*MTY2MDQ1MDYxMC4xNzE3NTU5OTUy*_ga_15W4STQT4T*MTcyMzE2ODAyMS41LjAuMTcyMzE2ODAyMi41OS4wLjA."
"C31","Capacitor_SMD:C_1206_3216Metric","1","10uF","TDK","C3216X7R1E106K160AE","https://product.tdk.com/en/search/capacitor/ceramic/mlcc/info?part_no=C3216X7R1E106K160AE"
"C33","Capacitor_SMD:C_0805_2012Metric","1","22uF","TDK CORPORATION","C2012X7S1A226M125AC","https://product.tdk.com/en/search/capacitor/ceramic/mlcc/info?part_no=C2012X7S1A226M125AC"
"D1,D4,D5,D6,D7,D8","RGBW_LED:SOL120P540X160-8N","6","RGBW_LED","  QT Brightek (QTB)","QBLP679-RGBCW ","https://www.digikey.ca/en/products/detail/qt-brightek-qtb/QBLP679-RGBCW/13278847"
"D2","LED_SMD:LED_0402_1005Metric","1","LED"," Wurth","150040RS73240","https://www.mouser.ca/ProductDetail/Wurth-Elektronik/150040RS73240?qs=8Aam6%252B7C6HGMiInmnlrBiw%3D%3D"
"D3","Package_TO_SOT_SMD:SOT-23-6","1","USBLC6-2SC6"," STMicroelectronics"," USBLC6-2SC6","https://www.mouser.ca/ProductDetail/STMicroelectronics/USBLC6-2SC6?qs=po45yt2pPpu%2FhNIlwQdTlg%3D%3D"
"D9","Diode_SMD:D_SOD-323F","1","D_Schottky","Nexperia ","PMEG3010EJ,115","https://www.mouser.ca/ProductDetail/Nexperia/PMEG3010EJ115?qs=LOCUfHb8d9u%252Bcs3tLvEEcA%3D%3D&utm_id=10095745567&gad_source=1&gclid=CjwKCAjw2dG1BhB4EiwA998cqIogq09ZMWb0rnHI-f3Cc649JA02PIbf-cyTqrvKNWdQHLnqJ_-yCxoCXGkQAvD_BwE"
"FLT1","BLE_HDWR_DESIGN_PCBFootprints:FLF1625000lt-5028A1","1","DLF162500LT-5028A1"," TDK","DLF162500LT-5028A1","https://www.mouser.ca/ProductDetail/TDK/DLF162500LT-5028A1?qs=U%2FZX79kHR%2FlwIbAISCs3qA%3D%3D"
"J5","Connector_USB:USB_C_Receptacle_GCT_USB4105-xx-A_16P_TopMnt_Horizontal","1","USB_C_Receptacle_USB2.0_16P"," GCT","USB4105-GF-A","https://www.mouser.ca/ProductDetail/GCT/USB4105-GF-A-060?qs=QNEnbhJQKvY2mocwNJzgfA%3D%3D"
"L1","Inductor_SMD:L_0402_1005Metric","1","10n"," Murata Electronics","LQG15WZ1ONJ02D","https://www.mouser.ca/ProductDetail/Murata-Electronics/LQG15WZ10NJ02D?qs=60uY6ySkanT1eJ7IaeAl%2Fg%3D%3D&srsltid=AfmBOopLkckqdxrgLB5AbOkBaB5eR7R6Z83Velf_zpusfCPrRuSlXCLJ"
"L2","Inductor_SMD:L_0805_2012Metric","1","10u"," Murata Electronics","LQM21FN100M70L","https://www.mouser.ca/ProductDetail/Murata-Electronics/LQM21FN100M70L?qs=8M15sSGRUn%252BogwBrvQUwLA%3D%3D"
"L3","Inductor_SMD:L_0402_1005Metric","1","2n7"," Murata Electronics","LQG15HS2N7S02","https://www.mouser.ca/ProductDetail/Murata-Electronics/LQG15HS2N7S02D?qs=ctz47l0uL1AKrLI74yO5Qw%3D%3D"
"L6","XGL4020-102MEC:IND_XAL4020_4X4_COC","1","1uH","COILCRAFT","XGL4020-102","https://www.coilcraft.com/en-us/products/power/shielded-inductors/molded-inductor/xgl/xgl4020/xgl4020-102/?srsltid=AfmBOoqL_HZPwn-x_1hycBm-VtUYMofSJdkbEM6MkSQTYbWZrtqXViVN"
"R1,R8,R9","-- mixed values --","3","5.1K"," YAGEO","RC0603FR-075K1L","https://www.mouser.ca/ProductDetail/YAGEO/RC0603FR-075K1L?qs=gt6vzsuosg2jUUwxnI2PJQ%3D%3D"
"R3,R7","Resistor_SMD:R_0402_1005Metric","2","220R"," YAGEO","RC0402FR-07221RL","https://www.mouser.ca/ProductDetail/YAGEO/RC0402FR-07221RL?qs=YDy31nmf64y04UoKIvC83Q%3D%3D"
"R12","Resistor_SMD:R_0603_1608Metric","1","2k"," YAGEO","RC0603FR-072KL","https://www.mouser.ca/ProductDetail/YAGEO/RC0603FR-072KL?qs=diQw95jMAePdEfSTIJQNsQ%3D%3D&utm_id=10095745567&gad_source=1&gclid=CjwKCAjw2dG1BhB4EiwA998cqBPZ0GECmodO8szo9ks6PgA3NI93frsGg-S64ujjCCygig45B-aORBoC7t8QAvD_BwE"
"SW1","Button_Switch_SMD:SW_Tactile_SPST_NO_Straight_CK_PTS636Sx25SMTRLFS","1","SW_Push"," C&K","PTS636 SK25 SMTR LFS","https://www.mouser.ca/ProductDetail/CK/PTS636-SK25-SMTR-LFS?qs=vLWxofP3U2wQKecmu1U%2FMA%3D%3D&utm_id=10095745567&gad_source=1&gclid=CjwKCAjwvIWzBhAlEiwAHHWgvZ1SrwvWRXr7sSHV09zZs-QRMc2SEIvwL_u5Oc7v0kmL3zn13CwdpRoC52MQAvD_BwE"
"U1,U4","WSON8_DSD_TEX","2","LP5812ADSDR","  Texas Instruments","LP5812CDSDR","https://www.digikey.ca/en/products/detail/texas-instruments/LP5812CDSDR/22147330"
"U2","Package_DFN_QFN:QFN-48-1EP_7x7mm_P0.5mm_EP5.6x5.6mm","1","STM32WB55CEU6"," STMicroelectronics","STM32WB55CEU6","https://www.mouser.ca/ProductDetail/STMicroelectronics/STM32WB55CEU6?qs=l7cgNqFNU1h38DnIgipayw%3D%3D"
"U3","Package_TO_SOT_SMD:SOT-23-5","1","MCP73831/2","Microchip Technology","MCP73831/2","https://www.mouser.ca/ProductDetail/Microchip-Technology/MCP73831T-2ACI-OT?qs=yUQqVecv4qvbBQBGbHx0Mw%3D%3D&utm_id=10095745567&gad_source=1&gclid=CjwKCAjw2dG1BhB4EiwA998cqNJ-K4YQV9soOPDjRcg9kPBbM3Cj9B5Cvv9L3mle_cwV5suKVLDJqRoCR9cQAvD_BwE"
"U5","TPS22910A:BGA4N50P2X2_88X88X50N","1","TPS22910AYZVR","Texas Instruments","TPS22910AYZVR","https://www.mouser.ca/ProductDetail/Texas-Instruments/TPS22910AYZVR?qs=luhu8ESwuKxMmMNtGQ7xTg%3D%3D&utm_id=10159302932&gad_source=1&gclid=CjwKCAjw2dG1BhB4EiwA998cqFDxfb11_KHEHoap36bPELJlj4DmrCRuoEgsOYS76GBfXz3_rWnwGhoCJkAQAvD_BwE"
"U6","QFN_902RPJR_TEX","1","TPS62901RPJR","Texas Instruments","TPS62901RPJR","https://www.mouser.ca/ProductDetail/Texas-Instruments/TPS62901RPJR?qs=DRkmTr78QATDXNNljpwn1Q%3D%3D"
"X2","NX2016SA-32M-EXS00A-CS06465:NX2016SA32MEXS00ACS06465","1","32MHz"," NDK"," NX2016SA-32M-EXS00A-CS0646","https://www.mouser.ca/ProductDetail/NDK/NX2016SA-32M-EXS00A-CS06465?qs=w%2Fv1CP2dgqr82b0JjRnv4A%3D%3D"
"Y1","NX2012SA-32.768K-STD-MUB-1:XTAL_NX2012SA-32.768K-STD-MUB-1","1","NX2012SA-32.768K-STD-MUB-1","NDK ","NX2012SA-32.768K-STD-MUB-1","https://www.mouser.ca/ProductDetail/NDK/NX2012SA-32.768K-STD-MUB-1?qs=55YtniHzbhA%252B6%2Fl1MwFZaQ%3D%3D"
